uo,n2,sub_sigla_dummy,n3,dummy_programauo,programa,dummy_prog_cod,acao,elemento,dummy_elem_cod,elemento_item,dummy_elem_cod_2,agrupamento,grupo,dummy_fonte_uo,fonte_cod,descricao_do_item,is_new_item,premissa_volume,volume,premissa_de_preco,vr_unitario,freq_pagamento,vr_total_item,classificacao_cenario,descricao_do_cenario,risco_de_nao_fazer,beneficio_ao_fazer,prioridade_n3,prioridade_n2,prioridade_n1
UTRAMIG,"Diretoria de Planejamento, Gestão e Finanças",,Gerência de Contratos,UTRAMIGPROG,705 - APOIO ÀS POLÍTICAS PÚBLICAS,P705UTRAMIG,2500 - ASSESSORAMENTO E GERENCIAMENTO DE POLÍTICAS PÚBLICAS,30 - MATERIAL DE CONSUMO,ELEM30,3008 - PRODUTOS ALIMENTÍCIOS,ag.3008,Outros,3 - Outras Despesas de Custeio,FONTEUTRAMIG,,ACUCAR TIPO: CRISTAL BRANCO; APRESENTACAO: EMBALAGEM 5 KG;,False,HISTÓRICO DE CONSUMO,70,PORTAL DE COMPRAS,18.4346,1,1290.422,,AÇÚCAR UTILIZADO PARA ADOÇAR CAFÉ E AGUA QUENTE PARA CHÁ,CAFÉ E AGUA QUENTE NÃO SERÃO ADOÇADOS ,CAFÉ E ÁGUA QUENTE OFERECIDOS PARA OS FUNCIONÁRIOS,,,
UTRAMIG,"Diretoria de Planejamento, Gestão e Finanças",,Gerência de Contratos,UTRAMIGPROG,705 - APOIO ÀS POLÍTICAS PÚBLICAS,P705UTRAMIG,2500 - ASSESSORAMENTO E GERENCIAMENTO DE POLÍTICAS PÚBLICAS,30 - MATERIAL DE CONSUMO,ELEM30,3008 - PRODUTOS ALIMENTÍCIOS,ag.3008,Outros,3 - Outras Despesas de Custeio,FONTEUTRAMIG,,ADOCANTE - IDENTIFICACAO: SUCRALOSE; APRESENTACAO: LIQUIDO;,False,HISTÓRICO DE CONSUMO,24,PORTAL DE COMPRAS,8,1,192,,ADOÇANTE UTILIZADO PARA ADOÇAR CAFÉ E AGUA QUENTE PARA CHÁ DO PRESIDENTE E DIRETORES,CAFÉ E AGUA QUENTE NÃO SERÃO ADOÇADOS ,CAFÉ E ÁGUA QUENTE OFERECIDOS PARA OS FUNCIONÁRIOS,,,
UTRAMIG,"Diretoria de Planejamento, Gestão e Finanças",,Gerência de Contratos,UTRAMIGPROG,705 - APOIO ÀS POLÍTICAS PÚBLICAS,P705UTRAMIG,2500 - ASSESSORAMENTO E GERENCIAMENTO DE POLÍTICAS PÚBLICAS,30 - MATERIAL DE CONSUMO,ELEM30,3017 - ARTIGOS PARA LIMPEZA E HIGIENE,ag.3017,Outros,3 - Outras Despesas de Custeio,FONTEUTRAMIG,,"ESPONJA SINTETICA PARA LIMPEZA - MATERIA-PRIMA: UMA FACE DE POLIURETANO E OUTRA ABRASIVA; TIPO: DUPLA FACE; FORMATO: RETANGULAR (7,5CM LARG X 11CM COMP X 2,5CM ALT).;",False,HISTÓRICO DE CONSUMO,150,PORTAL DE COMPRAS,0.88,1,132,,UTILIZADO PARA LIMPEZA E MANUTENÇÃO DIÁRIA DA ESTRUTURA DA FUNDAÇÃO,DIFICULDADE DE HIGIENIZAÇÃO E LIMPEZA DOS AMBIENTES,MANUTENÇÃO DA HIGIENIZAÇÃO E LIMPEZA DOS AMBIENTES,,,
UTRAMIG,"Diretoria de Planejamento, Gestão e Finanças",,Gerência de Contratos,UTRAMIGPROG,705 - APOIO ÀS POLÍTICAS PÚBLICAS,P705UTRAMIG,2500 - ASSESSORAMENTO E GERENCIAMENTO DE POLÍTICAS PÚBLICAS,30 - MATERIAL DE CONSUMO,ELEM30,3017 - ARTIGOS PARA LIMPEZA E HIGIENE,ag.3017,Outros,3 - Outras Despesas de Custeio,FONTEUTRAMIG,,LIMPADOR INSTANTANEO - TIPO: MULTIUSO; APRESENTACAO: LIQUIDO; FRAGRANCIA: NEUTRA,False,HISTÓRICO DE CONSUMO,150,PORTAL DE COMPRAS,3.39,1,508.5,,UTILIZADO PARA LIMPEZA E MANUTENÇÃO DIÁRIA DA ESTRUTURA DA FUNDAÇÃO,DIFICULDADE DE HIGIENIZAÇÃO E LIMPEZA DOS AMBIENTES,MANUTENÇÃO DA HIGIENIZAÇÃO E LIMPEZA DOS AMBIENTES,,,
UTRAMIG,"Diretoria de Planejamento, Gestão e Finanças",,Gerência de Contratos,UTRAMIGPROG,705 - APOIO ÀS POLÍTICAS PÚBLICAS,P705UTRAMIG,2500 - ASSESSORAMENTO E GERENCIAMENTO DE POLÍTICAS PÚBLICAS,30 - MATERIAL DE CONSUMO,ELEM30,3017 - ARTIGOS PARA LIMPEZA E HIGIENE,ag.3017,Outros,3 - Outras Despesas de Custeio,FONTEUTRAMIG,,SACO DE LIXO -  TIPO PLASTICO: RECICLADO; CAPACIDADE NOMINAL: 100 L - 20 KG; COR: PRETO; DIMENSOES (L X A): 75 CM X 105 CM; APRESENTACAO: EMBALAGEM 100 UN;,False,HISTÓRICO DE CONSUMO,10,PORTAL DE COMPRAS,33.59,1,335.90000000000003,,UTILIZADO PARA LIMPEZA E MANUTENÇÃO DIÁRIA DA ESTRUTURA DA FUNDAÇÃO,DIFICULDADE DE HIGIENIZAÇÃO E LIMPEZA DOS AMBIENTES,MANUTENÇÃO DA HIGIENIZAÇÃO E LIMPEZA DOS AMBIENTES,,,
UTRAMIG,"Diretoria de Planejamento, Gestão e Finanças",,Gerência de Contratos,UTRAMIGPROG,705 - APOIO ÀS POLÍTICAS PÚBLICAS,P705UTRAMIG,2500 - ASSESSORAMENTO E GERENCIAMENTO DE POLÍTICAS PÚBLICAS,30 - MATERIAL DE CONSUMO,ELEM30,3017 - ARTIGOS PARA LIMPEZA E HIGIENE,ag.3017,Outros,3 - Outras Despesas de Custeio,FONTEUTRAMIG,,"DISCO PARA ENCERADEIRA - IDENTIFICACAO: PRETO, REMOVEDOR; MATERIA-PRIMA: FIBRA SINTETICA E MINERAL ABRASIVO; TIPO ENCERADEIRA: USO INDUSTRAL, BANDEIRANTE; DIAMETRO: 410MM;",False,HISTÓRICO DE CONSUMO,12,PORTAL DE COMPRAS,23.75,1,285,,UTILIZADO PARA LIMPEZA E MANUTENÇÃO DIÁRIA DA ESTRUTURA DA FUNDAÇÃO,DIFICULDADE DE HIGIENIZAÇÃO E LIMPEZA DOS AMBIENTES,MANUTENÇÃO DA HIGIENIZAÇÃO E LIMPEZA DOS AMBIENTES,,,
UTRAMIG,"Diretoria de Planejamento, Gestão e Finanças",,Gerência de Contratos,UTRAMIGPROG,705 - APOIO ÀS POLÍTICAS PÚBLICAS,P705UTRAMIG,2500 - ASSESSORAMENTO E GERENCIAMENTO DE POLÍTICAS PÚBLICAS,30 - MATERIAL DE CONSUMO,ELEM30,3017 - ARTIGOS PARA LIMPEZA E HIGIENE,ag.3017,Outros,3 - Outras Despesas de Custeio,FONTEUTRAMIG,,"SACO PLASTICO - TIPO PLASTICO: PRETO; FINALIDADE: LIXO; CAPACIDADE: 60 LITROS - 0,10MM DE ESPESSURA;",False,HISTÓRICO DE CONSUMO,6,PORTAL DE COMPRAS,16.84,1,101.03999999999999,,UTILIZADO PARA LIMPEZA E MANUTENÇÃO DIÁRIA DA ESTRUTURA DA FUNDAÇÃO,DIFICULDADE DE HIGIENIZAÇÃO E LIMPEZA DOS AMBIENTES,MANUTENÇÃO DA HIGIENIZAÇÃO E LIMPEZA DOS AMBIENTES,,,
UTRAMIG,"Diretoria de Planejamento, Gestão e Finanças",,Gerência de Contratos,UTRAMIGPROG,705 - APOIO ÀS POLÍTICAS PÚBLICAS,P705UTRAMIG,2500 - ASSESSORAMENTO E GERENCIAMENTO DE POLÍTICAS PÚBLICAS,30 - MATERIAL DE CONSUMO,ELEM30,3017 - ARTIGOS PARA LIMPEZA E HIGIENE,ag.3017,Outros,3 - Outras Despesas de Custeio,FONTEUTRAMIG,,"SACO PLASTICO - TIPO PLASTICO: BRANCO FOSCO; FINALIDADE: PARA LIXO INFECTANTE; CAPACIDADE: 100 LITROS (1050 MM X 750 MM X 0,12 MM ESPESSURA);",False,HISTÓRICO DE CONSUMO,1,PORTAL DE COMPRAS,67.4,1,67.4,,UTILIZADO PARA LIMPEZA E MANUTENÇÃO DIÁRIA DA ESTRUTURA DA FUNDAÇÃO,DIFICULDADE DE HIGIENIZAÇÃO E LIMPEZA DOS AMBIENTES,MANUTENÇÃO DA HIGIENIZAÇÃO E LIMPEZA DOS AMBIENTES,,,
UTRAMIG,"Diretoria de Planejamento, Gestão e Finanças",,Gerência de Contratos,UTRAMIGPROG,705 - APOIO ÀS POLÍTICAS PÚBLICAS,P705UTRAMIG,2500 - ASSESSORAMENTO E GERENCIAMENTO DE POLÍTICAS PÚBLICAS,30 - MATERIAL DE CONSUMO,ELEM30,3017 - ARTIGOS PARA LIMPEZA E HIGIENE,ag.3017,Outros,3 - Outras Despesas de Custeio,FONTEUTRAMIG,,FLANELA PARA LIMPEZA - DIMENSOES: 40CM LARGURA X 60CM COMPRIMENTO;,False,HISTÓRICO DE CONSUMO,40,PORTAL DE COMPRAS,2.82,1,112.8,,UTILIZADO PARA LIMPEZA E MANUTENÇÃO DIÁRIA DA ESTRUTURA DA FUNDAÇÃO,DIFICULDADE DE HIGIENIZAÇÃO E LIMPEZA DOS AMBIENTES,MANUTENÇÃO DA HIGIENIZAÇÃO E LIMPEZA DOS AMBIENTES,,,
UTRAMIG,"Diretoria de Planejamento, Gestão e Finanças",,Gerência de Contratos,UTRAMIGPROG,705 - APOIO ÀS POLÍTICAS PÚBLICAS,P705UTRAMIG,2500 - ASSESSORAMENTO E GERENCIAMENTO DE POLÍTICAS PÚBLICAS,30 - MATERIAL DE CONSUMO,ELEM30,3017 - ARTIGOS PARA LIMPEZA E HIGIENE,ag.3017,Outros,3 - Outras Despesas de Custeio,FONTEUTRAMIG,,"PANO DE CHAO - MATERIA-PRIMA: COMPOSTO POR 100% ALGODAO, LAVADO E ALVEJADO; MEDIDAS: 60 CM LARGURA X 80 CM COMPRIMENTO;",False,HISTÓRICO DE CONSUMO,25,PORTAL DE COMPRAS,5.59,1,139.75,,UTILIZADO PARA LIMPEZA E MANUTENÇÃO DIÁRIA DA ESTRUTURA DA FUNDAÇÃO,DIFICULDADE DE HIGIENIZAÇÃO E LIMPEZA DOS AMBIENTES,MANUTENÇÃO DA HIGIENIZAÇÃO E LIMPEZA DOS AMBIENTES,,,
UTRAMIG,"Diretoria de Planejamento, Gestão e Finanças",,Gerência de Contratos,UTRAMIGPROG,705 - APOIO ÀS POLÍTICAS PÚBLICAS,P705UTRAMIG,2500 - ASSESSORAMENTO E GERENCIAMENTO DE POLÍTICAS PÚBLICAS,30 - MATERIAL DE CONSUMO,ELEM30,3017 - ARTIGOS PARA LIMPEZA E HIGIENE,ag.3017,Outros,3 - Outras Despesas de Custeio,FONTEUTRAMIG,,"CERA - CONSISTENCIA: LIQUIDA; APRESENTACAO: AUTO-BRILHO, ANTIDERRAPANTE, IMPERMEABILIZANTE; COR: INCOLOR; APLICACAO: PISO PAVIFLEX;",True,HISTÓRICO DE CONSUMO,25,PORTAL DE COMPRAS,37.68,1,942,,UTILIZADO PARA LIMPEZA E MANUTENÇÃO DIÁRIA DA ESTRUTURA DA FUNDAÇÃO,DIFICULDADE DE HIGIENIZAÇÃO E LIMPEZA DOS AMBIENTES,MANUTENÇÃO DA HIGIENIZAÇÃO E LIMPEZA DOS AMBIENTES,,,
UTRAMIG,"Diretoria de Planejamento, Gestão e Finanças",,Gerência de Contratos,UTRAMIGPROG,705 - APOIO ÀS POLÍTICAS PÚBLICAS,P705UTRAMIG,2500 - ASSESSORAMENTO E GERENCIAMENTO DE POLÍTICAS PÚBLICAS,30 - MATERIAL DE CONSUMO,ELEM30,"303 - UTENSÍLIOS PARA COPA, REFEITÓRIO E COZINHA",ag.303 ,#N/A,3 - Outras Despesas de Custeio,FONTEUTRAMIG,,GARRAFA TERMICA - MATERIA-PRIMA: CORPO EXTERNO EM ACO INOX; CAPACIDADE DA AMPOLA: 1000ML; FECHAMENTO: PRESSAO; ALCA: COM ALCA MOVEL EM POLIPROPILENO;,False,HISTÓRICO DE CONSUMO,1,PORTAL DE COMPRAS,81.35,1,81.35,,UTILIZADO PARA LIMPEZA E MANUTENÇÃO DIÁRIA DA ESTRUTURA DA FUNDAÇÃO,DIFICULDADE DE HIGIENIZAÇÃO E LIMPEZA DOS AMBIENTES,MANUTENÇÃO DA HIGIENIZAÇÃO E LIMPEZA DOS AMBIENTES,,,
UTRAMIG,"Diretoria de Planejamento, Gestão e Finanças",,Gerência de Contratos,UTRAMIGPROG,705 - APOIO ÀS POLÍTICAS PÚBLICAS,P705UTRAMIG,2500 - ASSESSORAMENTO E GERENCIAMENTO DE POLÍTICAS PÚBLICAS,30 - MATERIAL DE CONSUMO,ELEM30,3017 - ARTIGOS PARA LIMPEZA E HIGIENE,ag.3017,Outros,3 - Outras Despesas de Custeio,FONTEUTRAMIG,," 
RODO - BASE: MADEIRA, COM ESPUMA, PARA ESPALHAR CERA; DIMENSAO BASE: 30CM; CABO: MADEIRA, DE 120CM",False,HISTÓRICO DE CONSUMO,50,PORTAL DE COMPRAS,6.41,1,320.5,,UTILIZADO PARA LIMPEZA E MANUTENÇÃO DIÁRIA DA ESTRUTURA DA FUNDAÇÃO,DIFICULDADE DE HIGIENIZAÇÃO E LIMPEZA DOS AMBIENTES,MANUTENÇÃO DA HIGIENIZAÇÃO E LIMPEZA DOS AMBIENTES,,,
UTRAMIG,"Diretoria de Planejamento, Gestão e Finanças",,Gerência de Contratos,UTRAMIGPROG,705 - APOIO ÀS POLÍTICAS PÚBLICAS,P705UTRAMIG,2500 - ASSESSORAMENTO E GERENCIAMENTO DE POLÍTICAS PÚBLICAS,30 - MATERIAL DE CONSUMO,ELEM30,3005 - MATERIAL PARA ESCRITÓRIO,ag.3005,Outros,3 - Outras Despesas de Custeio,FONTEUTRAMIG,,"FITA ADESIVA PARA EMBALAGEM - MATERIA-PRIMA: POLIPROPILENO; DIMENSOES: 48MM X 50 METROS; TIPO: ADERENCIA EM UMA FACE, COR MARROM;",False,HISTÓRICO DE CONSUMO,12,PORTAL DE COMPRAS,4.74,1,56.88,,MATERIAL DE ESCRITÓRIO PARA UTILIZAÇÃO DOS SERVIDORES e PROFESSORES DA FUNDAÇÃO EM SUAS ATIVIDADES CORRIQUEIRAS,INDISPONIBILIDADE DO MATERIAL PARA EXECUÇÃO DAS ATIVIDADES,DISPONIBILIDADE DO MATERIAL EM MOMENTO OPORTUNO,,,
UTRAMIG,"Diretoria de Planejamento, Gestão e Finanças",,Gerência de Contratos,UTRAMIGPROG,705 - APOIO ÀS POLÍTICAS PÚBLICAS,P705UTRAMIG,2500 - ASSESSORAMENTO E GERENCIAMENTO DE POLÍTICAS PÚBLICAS,30 - MATERIAL DE CONSUMO,ELEM30,3005 - MATERIAL PARA ESCRITÓRIO,ag.3005,Outros,3 - Outras Despesas de Custeio,FONTEUTRAMIG,,PAPEL PARA ESCRITORIO -  FORMATO: A4 - 210 MM X 297 MM; GRAMATURA PAPEL: 75 G/M2; COR: NATURAL; PROCESSO FABRICACAO: RECICLADO; APRESENTACAO: PACOTE 500 FOLHAS;[,False,HISTÓRICO DE CONSUMO,70,PORTAL DE COMPRAS,25.28,1,1769.6000000000001,,MATERIAL DE ESCRITÓRIO PARA UTILIZAÇÃO DOS SERVIDORES e PROFESSORES DA FUNDAÇÃO EM SUAS ATIVIDADES CORRIQUEIRAS,INDISPONIBILIDADE DO MATERIAL PARA EXECUÇÃO DAS ATIVIDADES,DISPONIBILIDADE DO MATERIAL EM MOMENTO OPORTUNO,,,
UTRAMIG,"Diretoria de Planejamento, Gestão e Finanças",,Gerência de Contratos,UTRAMIGPROG,705 - APOIO ÀS POLÍTICAS PÚBLICAS,P705UTRAMIG,2500 - ASSESSORAMENTO E GERENCIAMENTO DE POLÍTICAS PÚBLICAS,30 - MATERIAL DE CONSUMO,ELEM30,3005 - MATERIAL PARA ESCRITÓRIO,ag.3005,Outros,3 - Outras Despesas de Custeio,FONTEUTRAMIG,,CALCULADORA - TIPO: DE MESA; NUMERO DE DIGITOS: 12 DIGITOS; VISOR: FIXO SEM INCLINACAO REGULAVEL; ALIMENTACAO: DUPLA: SOLAR E BATERIA;,False,HISTÓRICO DE CONSUMO,10,PORTAL DE COMPRAS,22.2,1,222,,MATERIAL DE ESCRITÓRIO PARA UTILIZAÇÃO DOS SERVIDORES e PROFESSORES DA FUNDAÇÃO EM SUAS ATIVIDADES CORRIQUEIRAS,INDISPONIBILIDADE DO MATERIAL PARA EXECUÇÃO DAS ATIVIDADES,DISPONIBILIDADE DO MATERIAL EM MOMENTO OPORTUNO,,,
UTRAMIG,"Diretoria de Planejamento, Gestão e Finanças",,Gerência de Contratos,UTRAMIGPROG,705 - APOIO ÀS POLÍTICAS PÚBLICAS,P705UTRAMIG,2500 - ASSESSORAMENTO E GERENCIAMENTO DE POLÍTICAS PÚBLICAS,30 - MATERIAL DE CONSUMO,ELEM30,3005 - MATERIAL PARA ESCRITÓRIO,ag.3005,Outros,3 - Outras Despesas de Custeio,FONTEUTRAMIG,,"MARCADOR PERMANENTE - CD, DVD, PLASTICOS, VINIL, ACRILICO E VIDROS; RESINAS TERMOPLASTICAS; TINTA A BASE DE CORANTES ORGANICOS E SOLVENTES; AZUL",False,HISTÓRICO DE CONSUMO,5,PORTAL DE COMPRAS,2.63,1,13.149999999999999,,MATERIAL DE ESCRITÓRIO PARA UTILIZAÇÃO DOS SERVIDORES e PROFESSORES DA FUNDAÇÃO EM SUAS ATIVIDADES CORRIQUEIRAS,INDISPONIBILIDADE DO MATERIAL PARA EXECUÇÃO DAS ATIVIDADES,DISPONIBILIDADE DO MATERIAL EM MOMENTO OPORTUNO,,,
UTRAMIG,"Diretoria de Planejamento, Gestão e Finanças",,Gerência de Contratos,UTRAMIGPROG,705 - APOIO ÀS POLÍTICAS PÚBLICAS,P705UTRAMIG,2500 - ASSESSORAMENTO E GERENCIAMENTO DE POLÍTICAS PÚBLICAS,30 - MATERIAL DE CONSUMO,ELEM30,3005 - MATERIAL PARA ESCRITÓRIO,ag.3005,Outros,3 - Outras Despesas de Custeio,FONTEUTRAMIG,,"MARCADOR PERMANENTE - CD, DVD, PLASTICOS, VINIL, ACRILICO E VIDROS; RESINAS TERMOPLASTICAS; TINTA A BASE DE CORANTES ORGANICOS E SOLVENTES; PRETO",False,HISTÓRICO DE CONSUMO,5,PORTAL DE COMPRAS,3.7,1,18.5,,MATERIAL DE ESCRITÓRIO PARA UTILIZAÇÃO DOS SERVIDORES e PROFESSORES DA FUNDAÇÃO EM SUAS ATIVIDADES CORRIQUEIRAS,INDISPONIBILIDADE DO MATERIAL PARA EXECUÇÃO DAS ATIVIDADES,DISPONIBILIDADE DO MATERIAL EM MOMENTO OPORTUNO,,,
UTRAMIG,"Diretoria de Planejamento, Gestão e Finanças",,Gerência de Contratos,UTRAMIGPROG,705 - APOIO ÀS POLÍTICAS PÚBLICAS,P705UTRAMIG,2500 - ASSESSORAMENTO E GERENCIAMENTO DE POLÍTICAS PÚBLICAS,30 - MATERIAL DE CONSUMO,ELEM30,3005 - MATERIAL PARA ESCRITÓRIO,ag.3005,Outros,3 - Outras Despesas de Custeio,FONTEUTRAMIG,,"COLA BRANCA -  COMPOSICAO: PVA - POLIACETATO DE VINILA, TEOR DE SOLIDOS 25%; CARACTERISTICA: SOLUVEL EM AGUA, LAVAVEL E NAO TOXICA; APRESENTACAO: FRASCO 90 G, COM BICO APLICADOR;",False,HISTÓRICO DE CONSUMO,10,PORTAL DE COMPRAS,2.78,1,27.799999999999997,,MATERIAL DE ESCRITÓRIO PARA UTILIZAÇÃO DOS SERVIDORES e PROFESSORES DA FUNDAÇÃO EM SUAS ATIVIDADES CORRIQUEIRAS,INDISPONIBILIDADE DO MATERIAL PARA EXECUÇÃO DAS ATIVIDADES,DISPONIBILIDADE DO MATERIAL EM MOMENTO OPORTUNO,,,
UTRAMIG,"Diretoria de Planejamento, Gestão e Finanças",,Gerência de Contratos,UTRAMIGPROG,705 - APOIO ÀS POLÍTICAS PÚBLICAS,P705UTRAMIG,2500 - ASSESSORAMENTO E GERENCIAMENTO DE POLÍTICAS PÚBLICAS,30 - MATERIAL DE CONSUMO,ELEM30,3005 - MATERIAL PARA ESCRITÓRIO,ag.3005,Outros,3 - Outras Despesas de Custeio,FONTEUTRAMIG,,"FITA ADESIVA PARA EMBALAGEM - MATERIA-PRIMA: ADESIVO DE RESINA DE BORRACHA SINTETICA; DIMENSOES: 45MM X 45M ESPESSURA TOTAL DE 0,040MM; TIPO: ADERENCIA DE UMA FACE, TRANSPARENTE;",False,HISTÓRICO DE CONSUMO,50,PORTAL DE COMPRAS,5.52,1,276,,MATERIAL DE ESCRITÓRIO PARA UTILIZAÇÃO DOS SERVIDORES e PROFESSORES DA FUNDAÇÃO EM SUAS ATIVIDADES CORRIQUEIRAS,INDISPONIBILIDADE DO MATERIAL PARA EXECUÇÃO DAS ATIVIDADES,DISPONIBILIDADE DO MATERIAL EM MOMENTO OPORTUNO,,,
UTRAMIG,"Diretoria de Planejamento, Gestão e Finanças",,Gerência de Contratos,UTRAMIGPROG,705 - APOIO ÀS POLÍTICAS PÚBLICAS,P705UTRAMIG,2500 - ASSESSORAMENTO E GERENCIAMENTO DE POLÍTICAS PÚBLICAS,30 - MATERIAL DE CONSUMO,ELEM30,3019 - MATERIAL PARA MANUTENÇÃO E REPAROS DE IMÓVEIS DE PROPRIEDADE DA ADMINISTRAÇÃO PÚBLICA,ag.3019,Outros,3 - Outras Despesas de Custeio,FONTEUTRAMIG,,REFLETOR - TIPO: HOLOFOTE; ESTRUTURA: ALUMINIO; ACABAMENTO: PINTURA ELETROSTATICA; VIDRO: PLANO LISO; LAMPADA: LED; POTENCIA: 100 W; TENSAO: BIVOLT;,False,HISTÓRICO DE CONSUMO,15,PORTAL DE COMPRAS,67.61,1,1014.15,,UTILIZADO PARA MANUTENÇÃO DA ESTRUTURA FÍSICA DA FUNDAÇÃO,DETERIORAÇÃO DA ESTRUTURA FÍSICA DA FUNDAÇÃO,PRESERVAÇÃO DA ESTRUTURA FÍSICA DA FUNDAÇÃO,,,
UTRAMIG,"Diretoria de Planejamento, Gestão e Finanças",,Gerência de Contratos,UTRAMIGPROG,705 - APOIO ÀS POLÍTICAS PÚBLICAS,P705UTRAMIG,2500 - ASSESSORAMENTO E GERENCIAMENTO DE POLÍTICAS PÚBLICAS,30 - MATERIAL DE CONSUMO,ELEM30,3017 - ARTIGOS PARA LIMPEZA E HIGIENE,ag.3017,Outros,3 - Outras Despesas de Custeio,FONTEUTRAMIG,,"VASCULHO - (VASSOURA LIMPA TETO) - TIPO DAS CERDAS: SISAL; COMPRIMENTO CABO: 4,0M DE COMPRIMENTO;",False,HISTÓRICO DE CONSUMO,5,PORTAL DE COMPRAS,16.73,1,83.65,,UTILIZADO PARA LIMPEZA E MANUTENÇÃO DIÁRIA DA ESTRUTURA DA FUNDAÇÃO,DIFICULDADE DE HIGIENIZAÇÃO E LIMPEZA DOS AMBIENTES,MANUTENÇÃO DA HIGIENIZAÇÃO E LIMPEZA DOS AMBIENTES,,,
UTRAMIG,"Diretoria de Planejamento, Gestão e Finanças",,Gerência de Contratos,UTRAMIGPROG,705 - APOIO ÀS POLÍTICAS PÚBLICAS,P705UTRAMIG,2500 - ASSESSORAMENTO E GERENCIAMENTO DE POLÍTICAS PÚBLICAS,30 - MATERIAL DE CONSUMO,ELEM30,3019 - MATERIAL PARA MANUTENÇÃO E REPAROS DE IMÓVEIS DE PROPRIEDADE DA ADMINISTRAÇÃO PÚBLICA,ag.3019,Outros,3 - Outras Despesas de Custeio,FONTEUTRAMIG,,FITA PARA VEDACAO - MATERIA-PRIMA: POLITETRAFLUORETILENO; LARGURA: 18MM;,False,HISTÓRICO DE CONSUMO,10,PORTAL DE COMPRAS,6.79,1,67.9,,UTILIZADO PARA MANUTENÇÃO DA ESTRUTURA FÍSICA DA FUNDAÇÃO,DETERIORAÇÃO DA ESTRUTURA FÍSICA DA FUNDAÇÃO,PRESERVAÇÃO DA ESTRUTURA FÍSICA DA FUNDAÇÃO,,,
UTRAMIG,"Diretoria de Planejamento, Gestão e Finanças",,Gerência de Contratos,UTRAMIGPROG,705 - APOIO ÀS POLÍTICAS PÚBLICAS,P705UTRAMIG,2500 - ASSESSORAMENTO E GERENCIAMENTO DE POLÍTICAS PÚBLICAS,30 - MATERIAL DE CONSUMO,ELEM30,3019 - MATERIAL PARA MANUTENÇÃO E REPAROS DE IMÓVEIS DE PROPRIEDADE DA ADMINISTRAÇÃO PÚBLICA,ag.3019,Outros,3 - Outras Despesas de Custeio,FONTEUTRAMIG,,TRINCHA - TAMANHO: 4 POLEGADAS X 395; PELO: FIBRA SINTETICA;,False,HISTÓRICO DE CONSUMO,3,PORTAL DE COMPRAS,11.8,1,35.400000000000006,,UTILIZADO PARA MANUTENÇÃO DA ESTRUTURA FÍSICA DA FUNDAÇÃO,DETERIORAÇÃO DA ESTRUTURA FÍSICA DA FUNDAÇÃO,PRESERVAÇÃO DA ESTRUTURA FÍSICA DA FUNDAÇÃO,,,
UTRAMIG,"Diretoria de Planejamento, Gestão e Finanças",,Gerência de Contratos,UTRAMIGPROG,705 - APOIO ÀS POLÍTICAS PÚBLICAS,P705UTRAMIG,2500 - ASSESSORAMENTO E GERENCIAMENTO DE POLÍTICAS PÚBLICAS,30 - MATERIAL DE CONSUMO,ELEM30,3019 - MATERIAL PARA MANUTENÇÃO E REPAROS DE IMÓVEIS DE PROPRIEDADE DA ADMINISTRAÇÃO PÚBLICA,ag.3019,Outros,3 - Outras Despesas de Custeio,FONTEUTRAMIG,,REPARO PARA VALVULA DESCARGA - TIPO: COMPLETO; VALVULA: 1 1/2 POLEGADA; COMPATIBILIDADE: ORIENTE;,False,HISTÓRICO DE CONSUMO,5,PORTAL DE COMPRAS,,1,0,,UTILIZADO PARA MANUTENÇÃO DA ESTRUTURA FÍSICA DA FUNDAÇÃO,DETERIORAÇÃO DA ESTRUTURA FÍSICA DA FUNDAÇÃO,PRESERVAÇÃO DA ESTRUTURA FÍSICA DA FUNDAÇÃO,,,
UTRAMIG,"Diretoria de Planejamento, Gestão e Finanças",,Gerência de Contratos,UTRAMIGPROG,705 - APOIO ÀS POLÍTICAS PÚBLICAS,P705UTRAMIG,2500 - ASSESSORAMENTO E GERENCIAMENTO DE POLÍTICAS PÚBLICAS,30 - MATERIAL DE CONSUMO,ELEM30,3019 - MATERIAL PARA MANUTENÇÃO E REPAROS DE IMÓVEIS DE PROPRIEDADE DA ADMINISTRAÇÃO PÚBLICA,ag.3019,Outros,3 - Outras Despesas de Custeio,FONTEUTRAMIG,,"DOBRADICA - MATERIA-PRIMA: ACO; ACABAMENTO: CROMADO; TIPO: PRESSAO; MEDIDAS: 35MM, ABERTURA DE 180 GRAUS;",False,HISTÓRICO DE CONSUMO,3,PORTAL DE COMPRAS,23.28,1,69.84,,UTILIZADO PARA MANUTENÇÃO DA ESTRUTURA FÍSICA DA FUNDAÇÃO,DETERIORAÇÃO DA ESTRUTURA FÍSICA DA FUNDAÇÃO,PRESERVAÇÃO DA ESTRUTURA FÍSICA DA FUNDAÇÃO,,,
UTRAMIG,"Diretoria de Planejamento, Gestão e Finanças",,Gerência de Contratos,UTRAMIGPROG,705 - APOIO ÀS POLÍTICAS PÚBLICAS,P705UTRAMIG,2500 - ASSESSORAMENTO E GERENCIAMENTO DE POLÍTICAS PÚBLICAS,30 - MATERIAL DE CONSUMO,ELEM30,3019 - MATERIAL PARA MANUTENÇÃO E REPAROS DE IMÓVEIS DE PROPRIEDADE DA ADMINISTRAÇÃO PÚBLICA,ag.3019,Outros,3 - Outras Despesas de Custeio,FONTEUTRAMIG,,LUVA - MATERIA-PRIMA: PVC; MEDIDAS: 1/2 POLEGADA; TIPO-1: DE CORRER; TIPO-2: ROSCAVEL; APLICACAO: AGUA;,False,HISTÓRICO DE CONSUMO,6,PORTAL DE COMPRAS,11.1,1,66.6,,UTILIZADO PARA MANUTENÇÃO DA ESTRUTURA FÍSICA DA FUNDAÇÃO,DETERIORAÇÃO DA ESTRUTURA FÍSICA DA FUNDAÇÃO,PRESERVAÇÃO DA ESTRUTURA FÍSICA DA FUNDAÇÃO,,,
UTRAMIG,"Diretoria de Planejamento, Gestão e Finanças",,Gerência de Contratos,UTRAMIGPROG,705 - APOIO ÀS POLÍTICAS PÚBLICAS,P705UTRAMIG,2500 - ASSESSORAMENTO E GERENCIAMENTO DE POLÍTICAS PÚBLICAS,30 - MATERIAL DE CONSUMO,ELEM30,3019 - MATERIAL PARA MANUTENÇÃO E REPAROS DE IMÓVEIS DE PROPRIEDADE DA ADMINISTRAÇÃO PÚBLICA,ag.3019,Outros,3 - Outras Despesas de Custeio,FONTEUTRAMIG,,TE (CONEXAO) - MATERIA-PRIMA: PVC; MEDIDAS: 1/2 POLEGADA; TIPO: ROSCAVEL; FINALIDADE: AGUA;,False,HISTÓRICO DE CONSUMO,6,PORTAL DE COMPRAS,2.25,1,13.5,,UTILIZADO PARA MANUTENÇÃO DA ESTRUTURA FÍSICA DA FUNDAÇÃO,DETERIORAÇÃO DA ESTRUTURA FÍSICA DA FUNDAÇÃO,PRESERVAÇÃO DA ESTRUTURA FÍSICA DA FUNDAÇÃO,,,
UTRAMIG,"Diretoria de Planejamento, Gestão e Finanças",,Gerência de Contratos,UTRAMIGPROG,705 - APOIO ÀS POLÍTICAS PÚBLICAS,P705UTRAMIG,2500 - ASSESSORAMENTO E GERENCIAMENTO DE POLÍTICAS PÚBLICAS,30 - MATERIAL DE CONSUMO,ELEM30,3019 - MATERIAL PARA MANUTENÇÃO E REPAROS DE IMÓVEIS DE PROPRIEDADE DA ADMINISTRAÇÃO PÚBLICA,ag.3019,Outros,3 - Outras Despesas de Custeio,FONTEUTRAMIG,,CHUVEIRO - IDENTIFICACAO: DUCHA; MATERIA-PRIMA: PVC; POTENCIA: 5400 WATTS E ECONOMICA 3200W; TENSAO:  127V;,False,HISTÓRICO DE CONSUMO,2,PORTAL DE COMPRAS,48.83,1,97.66,,UTILIZADO PARA MANUTENÇÃO DA ESTRUTURA FÍSICA DA FUNDAÇÃO,DETERIORAÇÃO DA ESTRUTURA FÍSICA DA FUNDAÇÃO,PRESERVAÇÃO DA ESTRUTURA FÍSICA DA FUNDAÇÃO,,,
UTRAMIG,"Diretoria de Planejamento, Gestão e Finanças",,Gerência de Contratos,UTRAMIGPROG,705 - APOIO ÀS POLÍTICAS PÚBLICAS,P705UTRAMIG,2500 - ASSESSORAMENTO E GERENCIAMENTO DE POLÍTICAS PÚBLICAS,30 - MATERIAL DE CONSUMO,ELEM30,3020 - MATERIAL ELÉTRICO E ELETRÔNICO,ag.3020,Outros,3 - Outras Despesas de Custeio,FONTEUTRAMIG,,PILHA - TIPO: NAO-RECARREGAVEL; TAMANHO: PEQUENA(AA); TENSAO: 12V; AMPERAGEM: NAO APLICAVEL,False,HISTÓRICO DE CONSUMO,20,PORTAL DE COMPRAS,8.74,1,174.8,,"UTILIZADO PARA ALIMENTAÇÃO DE EQUIPAMENTOS COMO CALCULADORA, CONTROLES E RELÓGIOS",INATIVIDADE DOS EQUIPAMENTOS,DISPONIBILIDADE DO MATERIAL EM MOMENTO OPORTUNO,,,
UTRAMIG,"Diretoria de Planejamento, Gestão e Finanças",,Gerência de Contratos,UTRAMIGPROG,705 - APOIO ÀS POLÍTICAS PÚBLICAS,P705UTRAMIG,2500 - ASSESSORAMENTO E GERENCIAMENTO DE POLÍTICAS PÚBLICAS,30 - MATERIAL DE CONSUMO,ELEM30,3020 - MATERIAL ELÉTRICO E ELETRÔNICO,ag.3020,Outros,3 - Outras Despesas de Custeio,FONTEUTRAMIG,,"LAMPADA LED - TIPO: TUBULAR DIFUSOR LEITOSO T8 1200 MM; POTENCIA: 18 W; TEMPERATURA DE COR: 6500 K; FLUXO LUMINOSO MIN: 1850 LM; DIMERIZAVEL: NAO; TENSAO: BIVOLT (100-240 VAC); FREQUENCIA: 60 HZ; FATOR DE POTENCIA: MAIOR OU IGUAL A 0,92; ANGULO ABERTURA: MINIMO 160 GRAUS; IRC: MAIOR OU IGUAL A 80%; VIDA UTIL MINIMA: 25.000 H; BASE: G13; NORMA APLICAVEL: ETIQUETA ENCE INFORMATIVA;",False,HISTÓRICO DE CONSUMO,25,PORTAL DE COMPRAS,15.76,1,394,,ILUMINAÇÃO DA ÁREA INTERNA E EXTERNA DA INSTITUIÇÃO,AMBIENTES MAL ILUMINADOS ACARRETAM EM FALTA DE SEGURANÇA,SEGURANÇA PARA A FUNDAÇÃO E SERVIDORES,,,
UTRAMIG,"Diretoria de Planejamento, Gestão e Finanças",,Gerência de Contratos,UTRAMIGPROG,705 - APOIO ÀS POLÍTICAS PÚBLICAS,P705UTRAMIG,2500 - ASSESSORAMENTO E GERENCIAMENTO DE POLÍTICAS PÚBLICAS,30 - MATERIAL DE CONSUMO,ELEM30,3019 - MATERIAL PARA MANUTENÇÃO E REPAROS DE IMÓVEIS DE PROPRIEDADE DA ADMINISTRAÇÃO PÚBLICA,ag.3019,Outros,3 - Outras Despesas de Custeio,FONTEUTRAMIG,,"TORNEIRA - MATERIA-PRIMA: FERRO CROMADO; BITOLA: 1/2 POLEGADA; TIPO: BICO MOVEL, PARA PIA",False,HISTÓRICO DE CONSUMO,2,PORTAL DE COMPRAS,80,1,160,,UTILIZADO PARA MANUTENÇÃO DA ESTRUTURA FÍSICA DA FUNDAÇÃO,DETERIORAÇÃO DA ESTRUTURA FÍSICA DA FUNDAÇÃO,PRESERVAÇÃO DA ESTRUTURA FÍSICA DA FUNDAÇÃO,,,
UTRAMIG,"Diretoria de Planejamento, Gestão e Finanças",,Gerência de Contratos,UTRAMIGPROG,705 - APOIO ÀS POLÍTICAS PÚBLICAS,P705UTRAMIG,2500 - ASSESSORAMENTO E GERENCIAMENTO DE POLÍTICAS PÚBLICAS,30 - MATERIAL DE CONSUMO,ELEM30,3019 - MATERIAL PARA MANUTENÇÃO E REPAROS DE IMÓVEIS DE PROPRIEDADE DA ADMINISTRAÇÃO PÚBLICA,ag.3019,Outros,3 - Outras Despesas de Custeio,FONTEUTRAMIG,,"FECHADURA - MATERIA-PRIMA: ACO INOX; TIPO: CILINDRICA, COM TAMBOR E MACANETA; UTILIZACAO: PORTA EXTERNA;",False,HISTÓRICO DE CONSUMO,5,PORTAL DE COMPRAS,64.17,1,320.85,,UTILIZADO PARA MANUTENÇÃO DA ESTRUTURA FÍSICA DA FUNDAÇÃO,DETERIORAÇÃO DA ESTRUTURA FÍSICA DA FUNDAÇÃO,PRESERVAÇÃO DA ESTRUTURA FÍSICA DA FUNDAÇÃO,,,
UTRAMIG,"Diretoria de Planejamento, Gestão e Finanças",,Gerência de Contratos,UTRAMIGPROG,705 - APOIO ÀS POLÍTICAS PÚBLICAS,P705UTRAMIG,2500 - ASSESSORAMENTO E GERENCIAMENTO DE POLÍTICAS PÚBLICAS,30 - MATERIAL DE CONSUMO,ELEM30,3019 - MATERIAL PARA MANUTENÇÃO E REPAROS DE IMÓVEIS DE PROPRIEDADE DA ADMINISTRAÇÃO PÚBLICA,ag.3019,Outros,3 - Outras Despesas de Custeio,FONTEUTRAMIG,,CADEADO - TIPO: COMUM; FECHAMENTO: SIMPLES; TRAVAMENTO: SIMPLES; TAMANHO: 50MM; HASTE: CURTA; MATERIA PRIMA: ACO;,False,HISTÓRICO DE CONSUMO,5,PORTAL DE COMPRAS,31.77,1,158.85,,UTILIZADO PARA MANUTENÇÃO DA ESTRUTURA FÍSICA DA FUNDAÇÃO,DETERIORAÇÃO DA ESTRUTURA FÍSICA DA FUNDAÇÃO,PRESERVAÇÃO DA ESTRUTURA FÍSICA DA FUNDAÇÃO,,,
UTRAMIG,"Diretoria de Planejamento, Gestão e Finanças",,Gerência de Contratos,UTRAMIGPROG,705 - APOIO ÀS POLÍTICAS PÚBLICAS,P705UTRAMIG,2500 - ASSESSORAMENTO E GERENCIAMENTO DE POLÍTICAS PÚBLICAS,30 - MATERIAL DE CONSUMO,ELEM30,3019 - MATERIAL PARA MANUTENÇÃO E REPAROS DE IMÓVEIS DE PROPRIEDADE DA ADMINISTRAÇÃO PÚBLICA,ag.3019,Outros,3 - Outras Despesas de Custeio,FONTEUTRAMIG,,LIMA - PERFIL: CHATA; TIPO DE CORTE: BASTARDA; MATERIA-PRIMA: ACO; MEDIDAS: 8 POLEGADAS;,False,HISTÓRICO DE CONSUMO,1,PORTAL DE COMPRAS,24,1,24,,UTILIZADO PARA MANUTENÇÃO DA ESTRUTURA FÍSICA DA FUNDAÇÃO,DETERIORAÇÃO DA ESTRUTURA FÍSICA DA FUNDAÇÃO,PRESERVAÇÃO DA ESTRUTURA FÍSICA DA FUNDAÇÃO,,,
UTRAMIG,"Diretoria de Planejamento, Gestão e Finanças",,Gerência de Contratos,UTRAMIGPROG,705 - APOIO ÀS POLÍTICAS PÚBLICAS,P705UTRAMIG,2500 - ASSESSORAMENTO E GERENCIAMENTO DE POLÍTICAS PÚBLICAS,30 - MATERIAL DE CONSUMO,ELEM30,3019 - MATERIAL PARA MANUTENÇÃO E REPAROS DE IMÓVEIS DE PROPRIEDADE DA ADMINISTRAÇÃO PÚBLICA,ag.3019,Outros,3 - Outras Despesas de Custeio,FONTEUTRAMIG,,PREGO - MATERIA-PRIMA: ACO CARBONO; TAMANHO: 12 X 12; CABECA: COM CABECA; ACABAMENTO: POLIDO;,False,HISTÓRICO DE CONSUMO,1,PORTAL DE COMPRAS,30.73,1,30.73,,UTILIZADO PARA MANUTENÇÃO DA ESTRUTURA FÍSICA DA FUNDAÇÃO,DETERIORAÇÃO DA ESTRUTURA FÍSICA DA FUNDAÇÃO,PRESERVAÇÃO DA ESTRUTURA FÍSICA DA FUNDAÇÃO,,,
UTRAMIG,"Diretoria de Planejamento, Gestão e Finanças",,Gerência de Contratos,UTRAMIGPROG,705 - APOIO ÀS POLÍTICAS PÚBLICAS,P705UTRAMIG,2500 - ASSESSORAMENTO E GERENCIAMENTO DE POLÍTICAS PÚBLICAS,39 - OUTROS SERVIÇOS DE TERCEIROS - PESSOA JURÍDICA,ELEM39,3922 - REPAROS DE BENS IMÓVEIS,ag.3922,Outros,3 - Outras Despesas de Custeio,FONTEUTRAMIG,,MANUTENÇÃO DA CASA DE MÁQUINAS,True,NECESSIDADE DA FUNDAÇÃO,1,ORÇAMENTO COM FORNECEDOR,2746,1,2746,,MANUTENÇÃO PARA ADIQUIRIR AO AUTO DE VISTORIA DO CORPO DE BOMBEIROS,NÃO CERTIFICAÇÃO  QUE A EDIFICAÇÃO QUE A FUNDAÇÃO CUMPRE TODAS AS REGRAS DE COMBATE AO INCÊNDIO,CERTIFICAÇÃO  QUE A EDIFICAÇÃO QUE A FUNDAÇÃO CUMPRE TODAS AS REGRAS DE COMBATE AO INCÊNDIO,,,
UTRAMIG,"Diretoria de Planejamento, Gestão e Finanças",,Gerência de Contratos,UTRAMIGPROG,705 - APOIO ÀS POLÍTICAS PÚBLICAS,P705UTRAMIG,2500 - ASSESSORAMENTO E GERENCIAMENTO DE POLÍTICAS PÚBLICAS,39 - OUTROS SERVIÇOS DE TERCEIROS - PESSOA JURÍDICA,ELEM39,3910 - PRÊMIOS DE SEGUROS,ag.3910,Outros,3 - Outras Despesas de Custeio,FONTEUTRAMIG,,SEGURO PREDIAL,True,NECESSIDADE DA FUNDAÇÃO,1,ORÇAMENTO COM FORNECEDOR,,12,0,,SEGURO PATRIMONIAL DE BENS MÓVEIS E IMÓVEIS,BENS MOVEIS E IMOVEIS DESACOBERTADOS DO SEGURO EM CASO DE SINISTROS,PREVENIR DE EVENTUAIS SINISTROS QUE POSSAM OCORRER ,,,
